lot_url,auction_house,sale_date,currency,medium,artwork_title,ah_price,ah_price_usd,ah_low_estimate,ah_high_estimate,mid_usd,ape,abs_usd
https://www.sothebys.com/en/buy/auction/2026/arcade-london-l26072/a-george-iii-style-mahogany-and-grey-painted,Sotheby's,2026-02-12,GBP,furniture,"A George III style mahogany and grey-painted centre table, modern",0.8300000000000001,1.05,400.0,600.0,632.835,60140.96385542168,631.7850000000001
https://www.bonhams.com/auction/31187/lot/113/nguyen-than-vietnamese-born-1948-bird-cage/,Bonhams,2025-09-29,HKD,painting,Bird Cage,490.0,62.76,38000.0,58000.0,6147.59,9695.918367346938,6084.83
https://www.sothebys.com/en/buy/auction/2026/contemporary-discoveries-n12062/wirtshaus,Sotheby's,2026-02-27,USD,painting,Wirtshaus,533.33,533.33,30000.0,40000.0,35000.0,6462.541015881349,34466.67
https://onlineonly.christies.com/s/arts-asia/maehara-fuyuki-b-1962-554/312240?ldp_breadcrumb=back,Christies,2024-05-29,EUR,sculpture,Ikkoku (Moment),105.83,115.16,4000.0,6000.0,5441.0,4624.5582538032695,5325.84
https://www.christies.com/en/lot/lot-6574045?ldp_breadcrumb=back,Christies,2026-02-26,USD,mixed media,here comes the night,740.83,740.83,25000.0,35000.0,30000.0,3949.512033799927,29259.17
https://www.bonhams.com/auction/31695/lot/11/hirata-suiseki-1796-1863-edo-period-1615-1868-mid-19th-century/,Bonhams,2025-11-11,GBP,mixed media,Snail on Bamboo by a Stream,234.17,296.38,6000.0,8000.0,8859.725,2889.281291369518,8563.345000000001
https://www.bonhams.com/auction/30714/lot/74/prunella-clough-1919-1999-mirror-and-plant-etching-and-aquatint-1996-on-somerset-wove-paper-signed-and-numbered-pp-in-pencil-a-printers-proof-aside-from-the-edition-of-25-printed-by-hope-sufferance-press-london-the-full-sheetplate-29-x-25cm-11-38-x-9-78insheet-485-x-435cm-19-18-x-17-18in/,Bonhams,2025-10-01,GBP,prints,Mirror and Plant,640.0,810.03,15000.0,20000.0,22149.305,2634.375,21339.275
https://www.sothebys.com/en/buy/auction/2026/contemporary-curated/mustard-and-ketchup,Sotheby's,2026-02-25,USD,mixed media,Mustard and Ketchup,960.0,960.0,20000.0,30000.0,25000.0,2504.166666666667,24040.0
https://www.bonhams.com/auction/31704/lot/117/george-overbury-hart-1868-1933-the-market-new-orleans/,Bonhams,2025-10-07,USD,mixed media,"The Market, New Orleans",800.0,800.0,15000.0,25000.0,20000.0,2400.0,19200.0
https://www.sothebys.com/en/buy/auction/2026/inkspiration-chinese-paintings-online/tu-dao-sheng-xu-zhong-fu-xu-zhong-qi-li-shou-ren,Sotheby's,2026-06-16,HKD,calligraphy,屠道鉎、徐中復、徐中琪、李壽仁 楷書致小芝片語,2666.67,341.53,42000.0,84000.0,8068.715,2262.4970468786914,7727.185
https://onlineonly.christies.com/s/post-war-contemporary-art-online/cinthia-marcelle-b-1974-881/272871?ldp_breadcrumb=back,Christies,2025-10-22,GBP,sculpture,"All this, this here",105.83,133.95,2000.0,3000.0,3164.185,2262.2791269016348,3030.235
https://onlineonly.christies.com/s/beyond-ordinary-then-now-next-works-zabludowicz-collection/elliott-hundley-b-1975-217/315300?ldp_breadcrumb=back,Christies,2026-06-30,GBP,mixed media,"from a blackbright hole, The Heart of Hekabe",105.83,141.9,2000.0,3000.0,3351.99,2262.2791269016348,3210.0899999999997
https://www.sothebys.com/en/buy/auction/2025/arcade-new-york-2/a-victorian-polychrome-painted-papier-mache-corner,Sotheby's,2025-12-02,USD,furniture,"A Victorian Polychrome Painted Papier-Mâché Corner Table Top of Triangular Form, late 19th Century",105.83,105.83,2000.0,3000.0,2500.0,2262.2791269016348,2394.17
https://www.christies.com/en/lot/lot-6553249?ldp_breadcrumb=back,Christies,2025-10-24,USD,prints,Two prints by the artist,53.33,53.33,1000.0,1500.0,1250.0,2243.896493530846,1196.67
https://www.sothebys.com/en/buy/auction/2026/master-sculpture-from-four-millenia-l26264/pair-of-candlesticks,Sotheby's,2026-07-01,GBP,decorative arts,Pair of candlesticks,320.0,405.02,6000.0,8000.0,8859.725,2087.5,8454.705
https://www.sothebys.com/en/buy/auction/2026/inkspiration-chinese-paintings-online/guo-xu-kuan-liu-hai-xian-ren-xiang-attributed-to,Sotheby's,2026-06-16,HKD,painting,Portrait of Liu Hai,3200.0,409.84,42000.0,84000.0,8068.715,1868.75,7658.875
https://www.sothebys.com/en/buy/auction/2026/inkspiration-chinese-paintings-online/wang-chong-kuan-cao-shu-wu-yan-shi-attributed-to,Sotheby's,2026-06-16,HKD,drawing,"王寵(款) 草書五言詩｜Attributed to Wang Chong, Poem in Cursive Script",3200.0,409.84,42000.0,84000.0,8068.715,1868.75,7658.875
https://www.phillips.com/detail/krishnaraj-chonat/229583,Phillips,2026-06-30,USD,painting,Untitled,208.33,208.33,3000.0,5000.0,4000.0,1820.0307204915275,3791.67
https://onlineonly.christies.com/s/post-war-contemporary-art-online/gary-webb-b-1973-889/272890?ldp_breadcrumb=back,Christies,2025-10-22,GBP,decorative arts,Pool Mirror Commission,529.17,669.76,8000.0,12000.0,12656.744999999999,1789.7518755787366,11986.984999999999
https://www.bonhams.com/auction/30714/lot/84/dame-tracey-emin-born-1963-i-promise-to-love-you-offset-lithographic-poster-in-colours-2014-on-glossy-wove-paper-signed-and-dated-in-silver-felt-tip-pen-from-the-edition-of-500-printed-and-published-by-emin-international-london-the-full-sheet-rolled-within-the-original-tube-as-issuedsheet-699-x-498cm-27-12-x-19-58in/,Bonhams,2025-10-01,GBP,prints,I Promise to Love You,960.0,1215.05,15000.0,20000.0,22149.305,1722.9166666666667,20934.255
