lot_url,title,checked_house,memorabilia_type,sport,checked_currency,ah_price,ah_low_estimate,ah_high_estimate,midpoint,midpoint_ape_pct,midpoint_bias_pct
https://www.sothebys.com/en/buy/auction/2026/rock-pop-2/grateful-dead-2,Grateful Dead,Sothebys,Pop Culture,,USD,300.0,5000.0,7000.0,6000.0,1900.0,1900.0
https://www.sothebys.com/en/buy/auction/2026/contemporary-discoveries/international-herald-tribune-from-objets-de-greve,International Herald Tribune (from Objets de grève),Sothebys,Pop Culture,,USD,700.0,5000.0,7000.0,6000.0,757.1428571428571,757.1428571428571
https://www.sothebys.com/en/buy/auction/2026/summer-sports-classic/tommy-paul-2025-us-open-2nd-round-match-worn-shirt,Tommy Paul 2025 US Open 2nd Round Match Worn Shirt,Sothebys,Sports,Tennis,USD,500.0,3000.0,5000.0,4000.0,700.0,700.0
https://www.sothebys.com/en/buy/auction/2026/summer-sports-classic/jessica-pegula-2025-us-open-semifinal-match-worn,Jessica Pegula 2025 US Open Semifinal Match Worn Dress,Sothebys,Sports,Tennis,USD,900.0,6000.0,8000.0,7000.0,677.7777777777778,677.7777777777778
https://www.sothebys.com/en/buy/auction/2026/summer-sports-classic/2026-world-baseball-classic-game-used-home-plate,2026 World Baseball Classic Game Used Home Plate | Used in 7 Games | Shohei Ohtani Home Run,Sothebys,Sports,Baseball,USD,6500.0,40000.0,60000.0,50000.0,669.2307692307693,669.2307692307693
https://www.sothebys.com/en/buy/auction/2026/summer-sports-classic/james-harden-philadelphia-76ers-2022-2023-game,James Harden Philadelphia 76ers 2022-2023 Game Worn Statement Edition Jersey | Career-High Assists | 21 Assist Triple-Double |  Matched to 2 Games,Sothebys,Sports,Basketball,USD,4800.0,30000.0,40000.0,35000.0,629.1666666666666,629.1666666666666
https://www.sothebys.com/en/buy/auction/2026/summer-sports-classic/kawhi-leonard-los-angeles-clippers-2020-2021-game,"Kawhi Leonard Los Angeles Clippers 2020-2021 Game Worn City Edition Jersey | 10,000th Career Point | Matched to 6 Games | 2 Double-Doubles | Three 30+ Point Games",Sothebys,Sports,Basketball,USD,5000.0,30000.0,40000.0,35000.0,600.0,600.0
https://www.sothebys.com/en/buy/auction/2026/summer-sports-classic/jessica-pegula-2025-us-open-quarterfinal-match,Jessica Pegula 2025 US Open Quarterfinal Match Worn Dress,Sothebys,Sports,Tennis,USD,900.0,5000.0,7000.0,6000.0,566.6666666666666,566.6666666666666
https://www.sothebys.com/en/buy/auction/2026/summer-sports-classic/2026-australian-open-finals-match-used-net-alcaraz,2026 Australian Open Finals Match Used Net | Alcaraz 1st Australian Open title and completed career Grand Slam,Sothebys,Sports,Tennis,USD,4000.0,20000.0,30000.0,25000.0,525.0,525.0
https://www.sothebys.com/en/buy/auction/2026/contemporary-discoveries/agents-two-works,Agents [Two Works],Sothebys,Pop Culture,,USD,400.0,2000.0,3000.0,2500.0,525.0,525.0
https://www.sothebys.com/en/buy/auction/2026/contemporary-discoveries/la-pantinoise-from-objets-de-greve,La Pantinoise (from Objets de grève),Sothebys,Pop Culture,,USD,1000.0,5000.0,7000.0,6000.0,500.0,500.0
https://www.sothebys.com/en/buy/auction/2026/original-film-posters-l26102/avec-le-sourire-with-a-smile-1936,Avec le Sourire / With a Smile (1936),Sothebys,Pop Culture,,GBP,213.33,1000.0,1500.0,1250.0,485.9466554164909,485.9466554164909
https://www.sothebys.com/en/buy/auction/2026/rock-pop-2/joni-mitchell,Joni Mitchell,Sothebys,Pop Culture,,USD,2200.0,10000.0,15000.0,12500.0,468.1818181818182,468.1818181818182
https://www.bonhams.com/auction/32329/lot/90/sex-pistols-the-great-rock-n-roll-swindle-newspaper-1980-may-15th/,"Sex Pistols: The Great Rock 'n' Roll Swindle Newspaper, 1980, May 15th,",Bonhams,Pop Culture,,GBP,90.0,400.0,600.0,500.0,455.55555555555554,455.55555555555554
https://www.sothebys.com/en/buy/auction/2026/summer-sports-classic/president-barack-obama-official-signed-2013-ncaa,President Barack Obama Official Signed 2013 NCAA Tournament Presidential Bracket,Sothebys,Sports,Basketball,USD,14000.0,60000.0,80000.0,70000.0,400.0,400.0
https://www.sothebys.com/en/buy/auction/2026/summer-sports-classic/2023-world-series-and-2024-mlb-all-star-game-used,2023 World Series and 2024 MLB All Star Game Used Home Plate | Matched to 2 Additional 2025 Regular Season Games | Shohei Ohtani Home Run | Kristian Campbell Rookie Debut,Sothebys,Sports,Baseball,USD,10000.0,40000.0,60000.0,50000.0,400.0,400.0
https://www.sothebys.com/en/buy/auction/2026/summer-sports-classic/kevin-durant-phoenix-suns-2023-2024-game-worn-city,"Kevin Durant Phoenix Suns 2023-2024 Game Worn City Edition Jersey | 1,000th Career Game | Matched to 4 Games | 38 Points | Double-Double",Sothebys,Sports,Basketball,USD,7000.0,30000.0,40000.0,35000.0,400.0,400.0
https://www.sothebys.com/en/buy/auction/2026/summer-sports-classic/george-mikan-chicagos-greatest-basketball-player,"George Mikan ""Chicago's Greatest Basketball Player of All Time"" Presentation Tray",Sothebys,Sports,Basketball,USD,10000.0,40000.0,60000.0,50000.0,400.0,400.0
https://www.sothebys.com/en/buy/auction/2026/nba-auctions-weekly-2026-playoffs-part-ii/ron-holland-ii-detroit-pistons-2026-nba-playoffs,Ron Holland II Detroit Pistons 2026 NBA Playoffs Eastern Conference Round 1 Game Worn Association Edition Jersey | Game 1,Sothebys,Sports,Basketball,USD,320.0,1000.0,2000.0,1500.0,368.75,368.75
https://www.sothebys.com/en/buy/auction/2026/rock-pop-2/neil-young-4,Neil Young,Sothebys,Pop Culture,,USD,1300.0,5000.0,7000.0,6000.0,361.5384615384616,361.5384615384616
https://www.sothebys.com/en/buy/auction/2026/summer-sports-classic/nike-zoom-kobe-1-x-stash-x-nort-sample-set-signed,Nike Zoom Kobe 1 x Stash x NORT Sample Set Signed by Stash | Size 8.5,Sothebys,Pop Culture,,USD,2200.0,8000.0,12000.0,10000.0,354.54545454545456,354.54545454545456
https://www.sothebys.com/en/buy/auction/2026/contemporary-discoveries/betta-splendens-new-york-city-no-03048,"Betta Splendens, New York City (No. 03048)",Sothebys,Pop Culture,,USD,1100.0,4000.0,6000.0,5000.0,354.54545454545456,354.54545454545456
https://www.sothebys.com/en/buy/auction/2026/contemporary-discoveries/betta-splendens-new-york-city-no-no-05018,"Betta Splendens, New York City (No. No. 05018)",Sothebys,Pop Culture,,USD,1100.0,4000.0,6000.0,5000.0,354.54545454545456,354.54545454545456
https://www.sothebys.com/en/buy/auction/2026/summer-sports-classic/wayne-gretzky-team-canada-1998-winter-olympics-2,Wayne Gretzky Team Canada 1998 Winter Olympics Game-Used and Signed Stick | First Olympic Game,Sothebys,Sports,Hockey,USD,19000.0,75000.0,95000.0,85000.0,347.3684210526316,347.3684210526316
https://www.sothebys.com/en/buy/auction/2026/rock-pop-2/ravi-shankar,Ravi Shankar,Sothebys,Pop Culture,,USD,1000.0,3000.0,5000.0,4000.0,300.0,300.0
