lot_url,title,checked_house,memorabilia_type,sport,checked_currency,ah_price,ah_low_estimate,ah_high_estimate,midpoint,midpoint_ape_pct,midpoint_bias_pct,midpoint_abs_usd_error
https://www.christies.com/en/lot/lot-6573403?ldp_breadcrumb=back,DAVID GILMOUR: A FENDER STRATOCASTER KNOWN AS 'THE BLACK STRAT',Christies,Pop Culture,,USD,12772727.27,2000000.0,4000000.0,3000000.0,76.5124555109991,-76.5124555109991,9772727.27
https://www.christies.com/en/lot/lot-6573406?ldp_breadcrumb=back,"JERRY GARCIA: A CUSTOM-BUILT ELECTRIC GUITAR, KNOWN AS ‘TIGER’",Christies,Pop Culture,,USD,10054545.45,1000000.0,2000000.0,1500000.0,85.08137431513624,-85.08137431513624,8554545.45
https://www.christies.com/en/lot/lot-6573422?ldp_breadcrumb=back,"ORIGINAL TYPESCRIPT SCROLL FOR THE MONUMENTAL FIRST DRAFT OF ON THE ROAD, THE DEFINITIVE BEAT GENERATION NOVEL",Christies,Pop Culture,,USD,10577272.73,2500000.0,4000000.0,3250000.0,69.27374302468232,-69.27374302468232,7327272.73
https://www.sothebys.com/en/buy/auction/2026/summer-sports-classic/aaron-judge-rookie-debut-new-york-yankees-2016,Aaron Judge ‘Rookie Debut’ New York Yankees 2016 Game Worn Jersey | 1st Career Home Run,Sothebys,Sports,Baseball,USD,1400000.0,3000000.0,5000000.0,4000000.0,185.7142857142857,185.7142857142857,2600000.0
https://www.christies.com/en/lot/lot-6573411?ldp_breadcrumb=back,"ERIC CLAPTON: THE MARTIN 000-42 ACOUSTIC GUITAR USED FOR HIS ACCLAIMED APPEARANCE ON MTV UNPLUGGED, 1992",Christies,Pop Culture,,USD,3417500.0,800000.0,1200000.0,1000000.0,70.73884418434528,-70.73884418434528,2417500.0
https://www.christies.com/en/lot/lot-6573390?ldp_breadcrumb=back,"JOHN LENNON: THE BROADWOOD UPRIGHT PIANO ON WHICH HE COMPOSED ‘LUCY IN THE SKY WITH DIAMONDS’, ‘A DAY IN THE LIFE’, AND ‘BEING FOR THE BENEFIT OF MR. KITE!’ FOR THE BEATLES’ LANDMARK ALBUM SGT. PEPPER’S LONELY HEARTS CLUB BAND, 1967",Christies,Pop Culture,,USD,2705833.33,400000.0,600000.0,500000.0,81.52140435050373,-81.52140435050373,2205833.33
https://www.christies.com/en/lot/lot-6573410?ldp_breadcrumb=back,KURT COBAIN: THE FENDER MUSTANG GUITAR USED IN THE MUSIC VIDEO FOR NIRVANA'S 1991 SINGLE ‘SMELLS LIKE TEEN SPIRIT’,Christies,Pop Culture,,USD,5824545.45,2500000.0,5000000.0,3750000.0,35.61729353489722,-35.61729353489722,2074545.4500000002
https://www.christies.com/en/lot/lot-6573397?ldp_breadcrumb=back,"ERIC CLAPTON: A GIBSON ‘SG’ STANDARD GUITAR, KNOWN AS ‘THE FOOL’",Christies,Pop Culture,,USD,2502500.0,800000.0,1200000.0,1000000.0,60.03996003996004,-60.03996003996004,1502500.0
https://www.christies.com/en/lot/lot-6573398?ldp_breadcrumb=back,"BOB DYLAN: HANDWRITTEN LYRICS FOR 'THE TIMES THEY ARE A-CHANGIN', 1964",Christies,Pop Culture,,USD,2095833.33,500000.0,800000.0,650000.0,68.98608344967965,-68.98608344967965,1445833.33
https://www.christies.com/en/lot/lot-6573408?ldp_breadcrumb=back,MILES DAVIS: A MARTIN COMMITTEE TRUMPET,Christies,Pop Culture,,USD,1375833.33,100000.0,150000.0,125000.0,90.91459719179792,-90.91459719179792,1250833.33
https://www.christies.com/en/lot/lot-6573404?ldp_breadcrumb=back,DAVID GILMOUR: A MARTIN D-35 USED TO RECORD PINK FLOYD'S 'WISH YOU WERE HERE',Christies,Pop Culture,,USD,1994166.67,800000.0,1200000.0,1000000.0,49.853740159040974,-49.853740159040974,994166.6699999999
https://www.christies.com/en/lot/lot-6573418?ldp_breadcrumb=back,SECRETARIAT RACE USED 1973 TRIPLE CROWN SADDLE (RON TURCOTTE COLLECTION),Christies,Automotive,,USD,1270000.0,1500000.0,3000000.0,2250000.0,77.16535433070867,77.16535433070867,980000.0
https://www.christies.com/en/lot/lot-6572814?ldp_breadcrumb=back,THE ORIGINAL TYPESCRIPT SCROLL FOR DHARMA BUMS,Christies,Pop Culture,,USD,1375833.33,300000.0,500000.0,400000.0,70.92671101375339,-70.92671101375339,975833.3300000001
https://www.christies.com/en/lot/lot-6573386?ldp_breadcrumb=back,"THE BEATLES: THE LOGO DRUM HEAD USED FOR THEIR HISTORIC DEBUT APPEARANCE ON THE ED SULLIVAN SHOW, 1964",Christies,Pop Culture,,USD,2400833.33,1000000.0,2000000.0,1500000.0,37.52169376955459,-37.52169376955459,900833.3300000001
https://www.christies.com/en/lot/lot-6573389?ldp_breadcrumb=back,GEORGE HARRISON: A GIBSON ‘SG’ STANDARD GUITAR USED EXTENSIVELY FROM 1966 TO 1968,Christies,Pop Culture,,USD,1892500.0,800000.0,1200000.0,1000000.0,47.15984147952444,-47.15984147952444,892500.0
https://www.sothebys.com/en/buy/auction/2026/summer-sports-classic/kobe-bryant-2009-nba-finals-los-angeles-lakers,Kobe Bryant 2009 NBA Finals Los Angeles Lakers Game Worn Jersey | Game 1 | Highest Scoring NBA Finals Performance of Kobe Bryant’s Career | 40 Points,Sothebys,Sports,Basketball,USD,1300000.0,1500000.0,2500000.0,2000000.0,53.84615384615385,53.84615384615385,700000.0
https://www.christies.com/en/lot/lot-6573384?ldp_breadcrumb=back,THE BEATLES: RINGO STARR'S FIRST LUDWIG DRUM KIT USED WITH THE BEATLES FROM MAY 1963 TO FEBRUARY 1964,Christies,Pop Culture,,USD,1994166.67,1000000.0,2000000.0,1500000.0,24.78061023856145,-24.78061023856145,494166.6699999999
https://www.christies.com/en/lot/lot-6573412?ldp_breadcrumb=back,PRINCE: A CUSTOM YELLOW CLOUD GUITAR,Christies,Pop Culture,,USD,529166.67,100000.0,150000.0,125000.0,76.37795290470582,-76.37795290470582,404166.67000000004
https://www.sothebys.com/en/buy/auction/2026/summer-sports-classic/chicago-bulls-1996-1997-and-1998-nba-finals-united,"Chicago Bulls 1996, 1997, and 1998 NBA Finals United Center Basketball Center Court Game Used Floor Sections",Sothebys,Sports,Basketball,USD,1400000.0,800000.0,1200000.0,1000000.0,28.571428571428573,-28.571428571428573,400000.0
https://www.christies.com/en/lot/lot-6573419?ldp_breadcrumb=back,OUTSTANDING WAYNE GRETZKY EDMONTON OILERS PROFESSIONAL MODEL HOME JERSEY PHOTOMATCHED TO 500TH CAREER GOAL AND 1987 STANLEY CUP FINALS CLINCHING GAME #7 (MEIGRAY PHOTOMATCH),Christies,Sports,Hockey,USD,793750.0,300000.0,500000.0,400000.0,49.60629921259842,-49.60629921259842,393750.0
https://www.christies.com/en/lot/lot-6573405?ldp_breadcrumb=back,"SIR ELTON JOHN: A CONCERT GRAND PIANO, MODEL D",Christies,Pop Culture,,USD,423333.33,600000.0,1000000.0,800000.0,88.97637944075889,88.97637944075889,376666.67
https://www.christies.com/en/lot/lot-6573388?ldp_breadcrumb=back,JOHN LENNON: A GRETSCH 6120 CHET ATKINS GUITAR USED DURING THE RECORDING SESSIONS FOR THE BEATLES’ 1966 SINGLE ‘PAPERBACK WRITER’ / ‘RAIN’,Christies,Pop Culture,,USD,1058333.33,600000.0,800000.0,700000.0,33.85826750821502,-33.85826750821502,358333.3300000001
https://www.christies.com/en/lot/lot-6572860?ldp_breadcrumb=back,EDDIE VAN HALEN: A SIGNED AND STAGE-PLAYED CHARVEL EVH ART SERIES GUITAR,Christies,Pop Culture,,USD,444500.0,60000.0,120000.0,90000.0,79.7525309336333,-79.7525309336333,354500.0
https://www.sothebys.com/en/buy/auction/2026/space-exploration-2/apollo-11-16,Apollo 11,Sothebys,Pop Culture,,USD,670000.0,800000.0,1200000.0,1000000.0,49.25373134328358,49.25373134328358,330000.0
https://www.christies.com/en/lot/lot-6572845?ldp_breadcrumb=back,"BOB DYLAN: A GIBSON HUMMINGBIRD ACOUSTIC GUITAR, PLAYED AT THE INAUGURAL CONCERT FOR PRESIDENT-ELECT BILL CLINTON IN 1993",Christies,Pop Culture,,USD,402166.67,60000.0,100000.0,80000.0,80.10774985405926,-80.10774985405926,322166.67
