lot_url,ah_price,ah_low_estimate,ah_high_estimate,source
https://rmsothebys.com/auctions/ad25/lots/r0002-2006-pagani-zonda-riviera/,10130000.0,9500000.0,10500000.0,RM Abu Dhabi 2025
https://rmsothebys.com/auctions/ad25/lots/r0005-1991-porsche-911-reimagined-by-singer-classic-services/,1073750.0,1000000.0,1200000.0,RM Abu Dhabi 2025
https://rmsothebys.com/auctions/ad25/lots/r0006-2027-mclaren-united-as-wec-hypercar-team/,7598750.0,6000000.0,8000000.0,RM Abu Dhabi 2025
https://rmsothebys.com/auctions/ad25/lots/r0007-2026-arrow-mclaren-indycar-team-dallarachevrolet-dw12/,848750.0,500000.0,700000.0,RM Abu Dhabi 2025
https://rmsothebys.com/auctions/ad25/lots/r0008-2026-mclaren-formula-1-team-mcl40a/,11480000.0,10000000.0,12000000.0,RM Abu Dhabi 2025
https://rmsothebys.com/auctions/ad25/lots/r0009-2011-ferrari-599-gto/,927500.0,850000.0,950000.0,RM Abu Dhabi 2025
https://rmsothebys.com/auctions/ad25/lots/r0010-1990-ferrari-f40/,3886250.0,3200000.0,3700000.0,RM Abu Dhabi 2025
https://rmsothebys.com/auctions/ad25/lots/r0011-2021-bentley-bacalar/,876875.0,900000.0,1300000.0,RM Abu Dhabi 2025
https://rmsothebys.com/auctions/ad25/lots/r0012-2020-ferrari-488-pista-spider/,612500.0,500000.0,600000.0,RM Abu Dhabi 2025
https://rmsothebys.com/auctions/ad25/lots/r0013-2014-ferrari-laferrari/,3380000.0,3000000.0,3500000.0,RM Abu Dhabi 2025
https://rmsothebys.com/auctions/ad25/lots/r0015-2023-ferrari-812-competizione/,1355000.0,1250000.0,1500000.0,RM Abu Dhabi 2025
https://rmsothebys.com/auctions/ad25/lots/r0016-2016-ferrari-f12tdf/,1096250.0,1000000.0,1200000.0,RM Abu Dhabi 2025
https://rmsothebys.com/auctions/ad25/lots/r0018-2006-lamborghini-murcielago-roadster/,651875.0,500000.0,600000.0,RM Abu Dhabi 2025
https://rmsothebys.com/auctions/ad25/lots/r0019-2015-ferrari-458-speciale-a/,933125.0,750000.0,950000.0,RM Abu Dhabi 2025
https://rmsothebys.com/auctions/ad25/lots/r0020-2019-mclaren-senna/,905000.0,850000.0,1200000.0,RM Abu Dhabi 2025
https://rmsothebys.com/auctions/ad25/lots/r0023-2011-ferrari-sa-aperta/,1568750.0,1500000.0,1800000.0,RM Abu Dhabi 2025
https://rmsothebys.com/auctions/ad25/lots/r0024-1988-lamborghini-countach-25th-anniversary-edition-by-bertone/,578750.0,550000.0,750000.0,RM Abu Dhabi 2025
https://rmsothebys.com/auctions/ad25/lots/r0025-2016-ferrari-458-speciale/,511250.0,400000.0,500000.0,RM Abu Dhabi 2025
https://rmsothebys.com/auctions/ad25/lots/r0026-2015-porsche-918-weissach-spyder/,1715000.0,1600000.0,2000000.0,RM Abu Dhabi 2025
https://rmsothebys.com/auctions/ad25/lots/r0028-2016-aston-martin-vantage-gt12/,275000.0,250000.0,300000.0,RM Abu Dhabi 2025
https://rmsothebys.com/auctions/ad25/lots/r0029-1986-ferrari-testarossa-monospecchio/,218500.0,150000.0,200000.0,RM Abu Dhabi 2025
https://rmsothebys.com/auctions/ad25/lots/r0031-2022-ferrari-monza-sp2/,2536250.0,2250000.0,2750000.0,RM Abu Dhabi 2025
https://rmsothebys.com/auctions/ad25/lots/r0032-2006-ford-gt/,612500.0,400000.0,500000.0,RM Abu Dhabi 2025
https://rmsothebys.com/auctions/pa26/lots/r0059-1924-bentley-3litre-speed-model-tourer-by-vanden-plas/,230000.0,200000.0,250000.0,RM Paris 2026
https://www.goodingco.com/lot/1902-rambler-model-c-runabout/,58800.0,70000.0,90000.0,Gooding Amelia Island 2025
https://www.goodingco.com/lot/1904-oldsmobile-french-front-rear-entrance-tonneau/,100800.0,90000.0,120000.0,Gooding Amelia Island 2025
https://www.goodingco.com/lot/1904-pierce-model-8m-motorette/,64400.0,100000.0,125000.0,Gooding Amelia Island 2025
https://www.goodingco.com/lot/1904-stevens-duryea-model-l-runabout/,49280.0,60000.0,80000.0,Gooding Amelia Island 2025
https://www.goodingco.com/lot/1906-pierce-arrow-great-arrow-model-nn-28-32-tonneau/,190400.0,150000.0,225000.0,Gooding Amelia Island 2025
https://www.goodingco.com/lot/1907-stevens-duryea-model-u-five-passenger-touring/,140000.0,175000.0,225000.0,Gooding Amelia Island 2025
https://www.goodingco.com/lot/1910-buick-model-10-toy-tonneau/,50400.0,30000.0,40000.0,Gooding Amelia Island 2025
https://www.goodingco.com/lot/1910-ford-model-t-touring/,47040.0,30000.0,40000.0,Gooding Amelia Island 2025
https://www.goodingco.com/lot/1910-packard-model-30-seven-passenger-touring/,184800.0,225000.0,275000.0,Gooding Amelia Island 2025
https://www.goodingco.com/lot/1910-stevens-duryea-model-x-five-passenger-touring/,95200.0,125000.0,175000.0,Gooding Amelia Island 2025
https://www.goodingco.com/lot/1910-stevens-duryea-model-xxx-runabout-roadster/,67200.0,80000.0,125000.0,Gooding Amelia Island 2025
https://www.goodingco.com/lot/1914-locomobile-model-38-four-passenger-berline/,179200.0,250000.0,325000.0,Gooding Amelia Island 2025
https://www.goodingco.com/lot/1923-marmon-model-34-speedster/,23520.0,70000.0,90000.0,Gooding Amelia Island 2025
https://www.goodingco.com/lot/1929-cord-l29-cabriolet-and-1930-cord-l29-convertible-sedan/,401000.0,375000.0,450000.0,Gooding Amelia Island 2025
https://www.goodingco.com/lot/1929-isotta-fraschini-tipo-8a-imperial-cabriolet/,324000.0,400000.0,500000.0,Gooding Amelia Island 2025
https://www.goodingco.com/lot/1929-packard-645-deluxe-eight-phaeton/,62720.0,125000.0,175000.0,Gooding Amelia Island 2025
https://www.goodingco.com/lot/1930-bugatti-type-50-roadster/,445000.0,500000.0,600000.0,Gooding Amelia Island 2025
https://www.goodingco.com/lot/1930-rolls-royce-phantom-i-newmarket-1/,168000.0,100000.0,130000.0,Gooding Amelia Island 2025
https://www.goodingco.com/lot/1931-aston-martin-1-1-2-litre-international-2-4-seater/,179200.0,225000.0,275000.0,Gooding Amelia Island 2025
https://www.goodingco.com/lot/1931-duesenberg-model-j-convertible-sedan-1a/,2342500.0,1700000.0,1900000.0,Gooding Amelia Island 2025
https://www.goodingco.com/lot/1933-rolls-royce-phantom-ii-newport-sedanca-de-ville/,128800.0,150000.0,250000.0,Gooding Amelia Island 2025
https://www.goodingco.com/lot/1934-ford-3-window-coupe/,168000.0,150000.0,200000.0,Gooding Amelia Island 2025
https://www.goodingco.com/lot/1934-ford-v8-deluxe-sedan/,21280.0,20000.0,30000.0,Gooding Amelia Island 2025
https://www.goodingco.com/lot/1934-ford-v8-phaeton/,38080.0,30000.0,40000.0,Gooding Amelia Island 2025
https://www.goodingco.com/lot/1935-avions-voisin-c25-aerodyne-1/,1985000.0,2000000.0,2500000.0,Gooding Amelia Island 2025
https://www.goodingco.com/lot/1936-jaguar-ss100-2-1-2-litre/,212800.0,200000.0,250000.0,Gooding Amelia Island 2025
https://www.goodingco.com/lot/1938-peugeot-402-darlmat-special-sport-coupe/,680000.0,800000.0,900000.0,Gooding Amelia Island 2025
https://www.goodingco.com/lot/1941-cadillac-series-62-deluxe-convertible-coupe/,56000.0,80000.0,100000.0,Gooding Amelia Island 2025
https://www.goodingco.com/lot/1942-chrysler-windsor-town-and-country-barrelback-1/,117600.0,250000.0,325000.0,Gooding Amelia Island 2025
https://www.goodingco.com/lot/1947-chrysler-town-and-country-convertible-1/,53200.0,80000.0,100000.0,Gooding Amelia Island 2025
https://www.goodingco.com/lot/1947-chrysler-town-and-country-station-sedan/,35840.0,70000.0,90000.0,Gooding Amelia Island 2025
https://www.goodingco.com/lot/1949-cisitalia-202-sc-gran-sport-cabriolet/,445000.0,500000.0,700000.0,Gooding Amelia Island 2025
https://www.goodingco.com/lot/1950-chrysler-town-and-country-coupe/,33600.0,50000.0,70000.0,Gooding Amelia Island 2025
https://www.goodingco.com/lot/1950-jaguar-xk120-alloy-roadster-1/,224000.0,250000.0,350000.0,Gooding Amelia Island 2025
https://www.goodingco.com/lot/1951-mercedes-benz-170-s-cabriolet-a/,58240.0,75000.0,100000.0,Gooding Amelia Island 2025
https://www.goodingco.com/lot/1952-porsche-356-1500-super-coupe/,235200.0,150000.0,200000.0,Gooding Amelia Island 2025
https://www.goodingco.com/lot/1953-bentley-r-type-continental-fastback-1/,1215000.0,800000.0,1200000.0,Gooding Amelia Island 2025
https://www.goodingco.com/lot/1953-siata-208-cs-coupe/,1407500.0,1500000.0,2000000.0,Gooding Amelia Island 2025
https://www.goodingco.com/lot/1954-porsche-356-1500-coupe/,162400.0,225000.0,275000.0,Gooding Amelia Island 2025
https://www.goodingco.com/lot/1955-emw-327-sport-cabriolet/,92400.0,125000.0,150000.0,Gooding Amelia Island 2025
https://www.goodingco.com/lot/1955-ferrari-250-europa-gt-1a/,1765000.0,1750000.0,2250000.0,Gooding Amelia Island 2025
https://www.goodingco.com/lot/1955-ferrari-375-mm-berlinetta/,9465000.0,8000000.0,10000000.0,Gooding Amelia Island 2025
https://www.goodingco.com/lot/1955-mercedes-benz-300-sl-gullwing-1e/,1501000.0,1300000.0,1500000.0,Gooding Amelia Island 2025
https://www.goodingco.com/lot/1956-alfa-romeo-giulietta-sprint-veloce-alleggerita-1a/,168000.0,250000.0,350000.0,Gooding Amelia Island 2025
https://www.goodingco.com/lot/1956-porsche-356-a-european-cabriolet-1/,252000.0,300000.0,350000.0,Gooding Amelia Island 2025
https://www.goodingco.com/lot/1957-citroen-ds19-1/,21280.0,40000.0,60000.0,Gooding Amelia Island 2025
https://www.goodingco.com/lot/1957-ferrari-250-gt-low-roof-berlinetta-1/,731000.0,700000.0,850000.0,Gooding Amelia Island 2025
https://www.goodingco.com/lot/1958-ac-ace-bristol-1/,246400.0,250000.0,325000.0,Gooding Amelia Island 2025
https://www.goodingco.com/lot/1958-lancia-aurelia-b24s-cabriolet-1a/,390000.0,325000.0,375000.0,Gooding Amelia Island 2025
https://www.goodingco.com/lot/1959-aston-martin-db-mk-iii-saloon/,229600.0,250000.0,300000.0,Gooding Amelia Island 2025
https://www.goodingco.com/lot/1959-fiat-600-berlina-elaborata-di-viotti/,22400.0,25000.0,35000.0,Gooding Amelia Island 2025
https://www.goodingco.com/lot/1959-porsche-356-a-1600-gs-gt-carrera-speedster/,973000.0,900000.0,1200000.0,Gooding Amelia Island 2025
https://www.goodingco.com/lot/1959-porsche-356-a-carrera-1600-gs-deluxe/,401000.0,450000.0,550000.0,Gooding Amelia Island 2025
https://www.goodingco.com/lot/1959-volkswagen-beetle-cabriolet-1/,44800.0,60000.0,80000.0,Gooding Amelia Island 2025
https://www.goodingco.com/lot/1960-mercedes-benz-300-sl-roadster-1a/,1028000.0,1100000.0,1400000.0,Gooding Amelia Island 2025
https://www.goodingco.com/lot/1960-porsche-356-b-coupe/,235200.0,300000.0,400000.0,Gooding Amelia Island 2025
https://www.goodingco.com/lot/1960-porsche-356-b-roadster-1a/,145600.0,175000.0,225000.0,Gooding Amelia Island 2025
https://www.goodingco.com/lot/1961-jaguar-e-type-series-i-38-litre-fixed-head-coupe-1/,123200.0,175000.0,225000.0,Gooding Amelia Island 2025
https://www.goodingco.com/lot/1961-jaguar-e-type-series-i-38-litre-roadster-1h/,162400.0,245000.0,325000.0,Gooding Amelia Island 2025
https://www.goodingco.com/lot/1962-alfa-romeo-giulietta-sz-coda-tronca-1a/,467000.0,550000.0,750000.0,Gooding Amelia Island 2025
https://www.goodingco.com/lot/1962-mercedes-benz-190-sl-1b/,131600.0,225000.0,275000.0,Gooding Amelia Island 2025
https://www.goodingco.com/lot/1962-porsche-356-b-twin-grille-roadster-1/,434000.0,450000.0,550000.0,Gooding Amelia Island 2025
https://www.goodingco.com/lot/1963-ferrari-400-superamerica-series-ii-coupe-aerodinamico/,2535000.0,2500000.0,3000000.0,Gooding Amelia Island 2025
https://www.goodingco.com/lot/1963-jaguar-e-type-series-i-38-litre-roadster/,148400.0,225000.0,275000.0,Gooding Amelia Island 2025
https://www.goodingco.com/lot/1963-porsche-356-b-super-coupe-1a/,67200.0,80000.0,100000.0,Gooding Amelia Island 2025
https://www.goodingco.com/lot/1964-porsche-356-c-cabriolet-1a/,126000.0,110000.0,130000.0,Gooding Amelia Island 2025
https://www.goodingco.com/lot/1964-porsche-356-c-carrera-2-coupe-1/,511000.0,550000.0,650000.0,Gooding Amelia Island 2025
https://www.goodingco.com/lot/1964-porsche-356-c-coupe-1/,84000.0,100000.0,125000.0,Gooding Amelia Island 2025
https://www.goodingco.com/lot/1964-porsche-904-carrera-gts-1a/,2205000.0,1500000.0,1800000.0,Gooding Amelia Island 2025
https://www.goodingco.com/lot/1964-shelby-289-cobra-1c/,857500.0,900000.0,1100000.0,Gooding Amelia Island 2025
https://www.goodingco.com/lot/1965-alfa-romeo-giulia-tz-1b/,1160000.0,1300000.0,1600000.0,Gooding Amelia Island 2025
https://www.goodingco.com/lot/1965-ford-mustang-289-convertible/,40320.0,50000.0,70000.0,Gooding Amelia Island 2025
https://www.goodingco.com/lot/1965-porsche-356-sc-cabriolet-1a/,212800.0,225000.0,275000.0,Gooding Amelia Island 2025
https://www.goodingco.com/lot/1965-rolls-royce-silver-cloud-iii-saloon-1a/,44800.0,45000.0,65000.0,Gooding Amelia Island 2025
https://www.goodingco.com/lot/1966-ferrari-330-gt-22-1a/,296500.0,325000.0,375000.0,Gooding Amelia Island 2025
https://www.goodingco.com/lot/1966-maserati-sebring-series-ii/,137200.0,175000.0,250000.0,Gooding Amelia Island 2025
https://www.goodingco.com/lot/1966-porsche-911-20/,156800.0,175000.0,225000.0,Gooding Amelia Island 2025
https://www.goodingco.com/lot/1967-chevrolet-corvette-427-435-coupe-1/,103600.0,135000.0,185000.0,Gooding Amelia Island 2025
https://www.goodingco.com/lot/1967-ferrari-330-gts-1d/,1600000.0,1750000.0,2250000.0,Gooding Amelia Island 2025
https://www.goodingco.com/lot/1967-lancia-fulvia-13-hf-rallye/,67200.0,90000.0,120000.0,Gooding Amelia Island 2025
https://www.goodingco.com/lot/1967-mercedes-benz-300-se-cabriolet-1/,235200.0,250000.0,325000.0,Gooding Amelia Island 2025
https://www.goodingco.com/lot/1968-automobile-scaf-ford-gt40/,28750.0,30000.0,35000.0,Gooding Amelia Island 2025
https://www.goodingco.com/lot/1968-citroen-ds21/,35840.0,30000.0,40000.0,Gooding Amelia Island 2025
https://www.goodingco.com/lot/1968-jaguar-e-type-series-ii-42-litre-roadster-1/,92400.0,90000.0,120000.0,Gooding Amelia Island 2025
https://www.goodingco.com/lot/1968-lamborghini-miura-p400-s-1a/,2450000.0,2500000.0,3000000.0,Gooding Amelia Island 2025
https://www.goodingco.com/lot/1969-ferrari-365-gtc-1/,951000.0,650000.0,850000.0,Gooding Amelia Island 2025
https://www.goodingco.com/lot/1969-porsche-911-20-e/,120400.0,135000.0,155000.0,Gooding Amelia Island 2025
https://www.goodingco.com/lot/1970-ferrari-365-gt-22-1a/,145600.0,180000.0,220000.0,Gooding Amelia Island 2025
https://www.goodingco.com/lot/1971-mercedes-benz-280-sl-1c/,109200.0,150000.0,180000.0,Gooding Amelia Island 2025
https://www.goodingco.com/lot/1971-porsche-911-22-t/,114800.0,100000.0,130000.0,Gooding Amelia Island 2025
https://www.goodingco.com/lot/1973-citroen-sm-1a/,31360.0,60000.0,80000.0,Gooding Amelia Island 2025
https://www.goodingco.com/lot/1973-maserati-bora-49/,126000.0,140000.0,180000.0,Gooding Amelia Island 2025
https://www.goodingco.com/lot/1976-ferrari-308-gtb-vetroresina-1d/,128800.0,180000.0,220000.0,Gooding Amelia Island 2025
https://www.goodingco.com/lot/1976-ferrari-308-gtb-vetroresina-1e/,179200.0,225000.0,275000.0,Gooding Amelia Island 2025
https://www.goodingco.com/lot/1978-citroen-mehari/,28000.0,25000.0,35000.0,Gooding Amelia Island 2025
https://www.goodingco.com/lot/1979-porsche-930-1b/,126000.0,130000.0,160000.0,Gooding Amelia Island 2025
https://www.goodingco.com/lot/1980-ferrari-512-bb-1a/,238000.0,250000.0,300000.0,Gooding Amelia Island 2025
https://www.goodingco.com/lot/1980-mercedes-benz-450-sl-1b/,35840.0,30000.0,50000.0,Gooding Amelia Island 2025
https://www.goodingco.com/lot/1983-porsche-911-sc-cabriolet/,62720.0,60000.0,80000.0,Gooding Amelia Island 2025
https://www.goodingco.com/lot/1984-ferrari-512-bbi-1b/,390000.0,300000.0,400000.0,Gooding Amelia Island 2025
https://www.goodingco.com/lot/1984-lamborghini-countach-5000s-1a/,544000.0,575000.0,650000.0,Gooding Amelia Island 2025
https://www.goodingco.com/lot/1984-mercedes-benz-280-sl/,84000.0,90000.0,110000.0,Gooding Amelia Island 2025
https://www.goodingco.com/lot/1986-ferrari-testarossa-1a/,190400.0,225000.0,275000.0,Gooding Amelia Island 2025
https://www.goodingco.com/lot/1988-mercedes-benz-amg-300-e-60-hammer/,753000.0,1250000.0,1750000.0,Gooding Amelia Island 2025
https://www.goodingco.com/lot/1988-porsche-959-komfort-1/,2205000.0,2000000.0,2500000.0,Gooding Amelia Island 2025
https://www.goodingco.com/lot/1989-mercedes-benz-amg-300-ce-60-hammer/,665000.0,1500000.0,2000000.0,Gooding Amelia Island 2025
https://www.goodingco.com/lot/1991-lamborghini-diablo-1/,346000.0,350000.0,425000.0,Gooding Amelia Island 2025
https://www.goodingco.com/lot/1991-mercedes-benz-300-te-amg-34-24/,128800.0,90000.0,120000.0,Gooding Amelia Island 2025
https://www.goodingco.com/lot/1996-porsche-993-carrera-targa/,156800.0,140000.0,180000.0,Gooding Amelia Island 2025
https://www.goodingco.com/lot/1997-porsche-993-carrera-s/,246400.0,250000.0,300000.0,Gooding Amelia Island 2025
https://www.goodingco.com/lot/1997-porsche-993-turbo-1/,268800.0,300000.0,350000.0,Gooding Amelia Island 2025
https://www.goodingco.com/lot/1997-porsche-993-turbo-s-1a/,643000.0,550000.0,650000.0,Gooding Amelia Island 2025
https://www.goodingco.com/lot/1997-ruf-ctr2/,2645000.0,2000000.0,2500000.0,Gooding Amelia Island 2025
https://www.goodingco.com/lot/1998-ferrari-550-maranello-1/,179200.0,150000.0,180000.0,Gooding Amelia Island 2025
https://www.goodingco.com/lot/1999-mercedes-benz-c43-amg/,50400.0,60000.0,80000.0,Gooding Amelia Island 2025
https://www.goodingco.com/lot/1999-porsche-996-carrera/,61600.0,65000.0,85000.0,Gooding Amelia Island 2025
https://www.goodingco.com/lot/2001-bmw-z8-1b/,242500.0,275000.0,350000.0,Gooding Amelia Island 2025
https://www.goodingco.com/lot/2001-ferrari-550-maranello-bonneville/,89600.0,140000.0,180000.0,Gooding Amelia Island 2025
https://www.goodingco.com/lot/2002-ferrari-575m-1/,224000.0,275000.0,350000.0,Gooding Amelia Island 2025
https://www.goodingco.com/lot/2002-porsche-996-carrera-4-gemballa-gtr-500/,140000.0,140000.0,180000.0,Gooding Amelia Island 2025
https://www.goodingco.com/lot/2003-bmw-m5/,134400.0,200000.0,225000.0,Gooding Amelia Island 2025
https://www.goodingco.com/lot/2003-ferrari-575m-1a/,151200.0,175000.0,200000.0,Gooding Amelia Island 2025
https://www.goodingco.com/lot/2003-lamborghini-murcielago/,412000.0,400000.0,500000.0,Gooding Amelia Island 2025
https://www.goodingco.com/lot/2004-ferrari-360-challenge-stradale-1b/,445000.0,250000.0,325000.0,Gooding Amelia Island 2025
https://www.goodingco.com/lot/2006-ford-gt-1c/,566000.0,600000.0,700000.0,Gooding Amelia Island 2025
https://www.goodingco.com/lot/2006-mercedes-benz-slr-mclaren-1a/,302000.0,250000.0,325000.0,Gooding Amelia Island 2025
https://www.goodingco.com/lot/2007-ferrari-f430-gtc/,384500.0,700000.0,800000.0,Gooding Amelia Island 2025
https://www.goodingco.com/lot/2008-ferrari-430-scuderia-1a/,313000.0,300000.0,340000.0,Gooding Amelia Island 2025
https://www.goodingco.com/lot/2008-spyker-c8-spyder/,406500.0,400000.0,450000.0,Gooding Amelia Island 2025
https://www.goodingco.com/lot/2010-ferrari-599-gtb-fiorano-hgte-1/,168000.0,200000.0,240000.0,Gooding Amelia Island 2025
https://www.goodingco.com/lot/2013-bmw-m3-lime-rock-park-edition-1b/,86800.0,110000.0,130000.0,Gooding Amelia Island 2025
https://www.goodingco.com/lot/2014-ferrari-458-speciale/,676000.0,575000.0,650000.0,Gooding Amelia Island 2025
