lot_url,ah_price,ah_low_estimate,ah_high_estimate,source,inferred_hammer,round_100_bid,midpoint,signed_error_pct,ape_pct,abs_error_usd,position
https://www.goodingco.com/lot/1923-marmon-model-34-speedster/,23520.0,70000.0,90000.0,Gooding Amelia Island 2025,20999.999999999996,True,80000.0,280.952380952381,280.952380952381,59000.0,below
https://www.goodingco.com/lot/1989-mercedes-benz-amg-300-ce-60-hammer/,665000.0,1500000.0,2000000.0,Gooding Amelia Island 2025,600000.0,True,1750000.0,191.66666666666666,191.66666666666666,1150000.0,below
https://www.goodingco.com/lot/1942-chrysler-windsor-town-and-country-barrelback-1/,117600.0,250000.0,325000.0,Gooding Amelia Island 2025,104999.99999999999,True,287500.0,173.80952380952385,173.80952380952385,182500.0,below
https://www.goodingco.com/lot/1929-packard-645-deluxe-eight-phaeton/,62720.0,125000.0,175000.0,Gooding Amelia Island 2025,55999.99999999999,True,150000.0,167.8571428571429,167.8571428571429,94000.0,below
https://www.goodingco.com/lot/1957-citroen-ds19-1/,21280.0,40000.0,60000.0,Gooding Amelia Island 2025,19000.0,True,50000.0,163.15789473684214,163.15789473684214,31000.0,below
https://www.goodingco.com/lot/1947-chrysler-town-and-country-station-sedan/,35840.0,70000.0,90000.0,Gooding Amelia Island 2025,31999.999999999996,True,80000.0,150.00000000000006,150.00000000000006,48000.0,below
https://www.goodingco.com/lot/1973-citroen-sm-1a/,31360.0,60000.0,80000.0,Gooding Amelia Island 2025,27999.999999999996,True,70000.0,150.00000000000006,150.00000000000006,42000.0,below
https://www.goodingco.com/lot/1988-mercedes-benz-amg-300-e-60-hammer/,753000.0,1250000.0,1750000.0,Gooding Amelia Island 2025,680000.0,True,1500000.0,120.58823529411767,120.58823529411767,820000.0,below
https://www.goodingco.com/lot/2007-ferrari-f430-gtc/,384500.0,700000.0,800000.0,Gooding Amelia Island 2025,345000.0,True,750000.0,117.39130434782608,117.39130434782608,405000.0,below
https://www.goodingco.com/lot/1962-mercedes-benz-190-sl-1b/,131600.0,225000.0,275000.0,Gooding Amelia Island 2025,117499.99999999999,True,250000.0,112.76595744680856,112.76595744680856,132500.0,below
https://www.goodingco.com/lot/1950-chrysler-town-and-country-coupe/,33600.0,50000.0,70000.0,Gooding Amelia Island 2025,29999.999999999996,True,60000.0,100.00000000000004,100.00000000000004,30000.000000000004,below
https://www.goodingco.com/lot/2001-ferrari-550-maranello-bonneville/,89600.0,140000.0,180000.0,Gooding Amelia Island 2025,79999.99999999999,True,160000.0,100.00000000000004,100.00000000000004,80000.00000000001,below
https://www.goodingco.com/lot/1956-alfa-romeo-giulietta-sprint-veloce-alleggerita-1a/,168000.0,250000.0,350000.0,Gooding Amelia Island 2025,150000.0,True,300000.0,100.0,100.0,150000.0,below
https://www.goodingco.com/lot/1961-jaguar-e-type-series-i-38-litre-roadster-1h/,162400.0,245000.0,325000.0,Gooding Amelia Island 2025,145000.0,True,285000.0,96.55172413793103,96.55172413793103,140000.0,below
https://www.goodingco.com/lot/1904-pierce-model-8m-motorette/,64400.0,100000.0,125000.0,Gooding Amelia Island 2025,57499.99999999999,True,112500.0,95.6521739130435,95.6521739130435,55000.00000000001,below
https://www.goodingco.com/lot/1947-chrysler-town-and-country-convertible-1/,53200.0,80000.0,100000.0,Gooding Amelia Island 2025,47499.99999999999,True,90000.0,89.47368421052634,89.47368421052634,42500.00000000001,below
https://www.goodingco.com/lot/1963-jaguar-e-type-series-i-38-litre-roadster/,148400.0,225000.0,275000.0,Gooding Amelia Island 2025,132500.0,True,250000.0,88.67924528301887,88.67924528301887,117500.0,below
https://www.goodingco.com/lot/1961-jaguar-e-type-series-i-38-litre-fixed-head-coupe-1/,123200.0,175000.0,225000.0,Gooding Amelia Island 2025,109999.99999999999,True,200000.0,81.81818181818184,81.81818181818184,90000.00000000001,below
https://www.goodingco.com/lot/1941-cadillac-series-62-deluxe-convertible-coupe/,56000.0,80000.0,100000.0,Gooding Amelia Island 2025,49999.99999999999,True,90000.0,80.00000000000003,80.00000000000003,40000.00000000001,below
https://www.goodingco.com/lot/1914-locomobile-model-38-four-passenger-berline/,179200.0,250000.0,325000.0,Gooding Amelia Island 2025,159999.99999999997,True,287500.0,79.68750000000003,79.68750000000003,127500.00000000003,below
